{"cameraMode":{"drawMode":0,"name":"Shaded","section":"Shading Mode"},"sceneLighting":false,"audioPlay":false,"sceneViewState":{"showFog":true,"showMaterialUpdate":false,"showSkybox":true,"showFlares":true,"showImageEffects":true,"showParticleSystems":true},"in2DMode":false,"pivot":{"x":0.6667656898498535,"y":0.9230411052703857,"z":-0.7789818048477173},"rotation":{"x":-0.15263794362545014,"y":0.03023257479071617,"z":-0.00467658182606101,"w":-0.9878085851669312},"size":3.099003791809082,"orthographic":false}