{"cameraMode":{"drawMode":0,"name":"Shaded","section":"Shading Mode"},"sceneLighting":false,"audioPlay":false,"sceneViewState":{"showFog":true,"showMaterialUpdate":false,"showSkybox":true,"showFlares":true,"showImageEffects":true,"showParticleSystems":true},"in2DMode":false,"pivot":{"x":-0.6647213697433472,"y":1.2297968864440919,"z":0.17806635797023774},"rotation":{"x":-0.02370528131723404,"y":0.9757388234138489,"z":-0.17030948400497437,"w":-0.13552320003509522},"size":7.6128249168396,"orthographic":false}