{"cameraMode":{"drawMode":0,"name":"Shaded","section":"Shading Mode"},"sceneLighting":false,"audioPlay":false,"sceneViewState":{"showFog":true,"showMaterialUpdate":false,"showSkybox":true,"showFlares":true,"showImageEffects":true,"showParticleSystems":true},"in2DMode":false,"pivot":{"x":0.037902384996414188,"y":0.8151972889900208,"z":-0.032351478934288028},"rotation":{"x":0.04977703467011452,"y":0.9428399205207825,"z":-0.1645892858505249,"w":0.2854568362236023},"size":3.075026512145996,"orthographic":false}