{"cameraMode":{"drawMode":0,"name":"Shaded","section":"Shading Mode"},"sceneLighting":false,"audioPlay":false,"sceneViewState":{"showFog":true,"showMaterialUpdate":false,"showSkybox":true,"showFlares":true,"showImageEffects":true,"showParticleSystems":true},"in2DMode":false,"pivot":{"x":0.3054617941379547,"y":0.7859516739845276,"z":0.02476733922958374},"rotation":{"x":-0.037505537271499637,"y":-0.9620078802108765,"z":0.20536799728870393,"w":-0.17594937980175019},"size":2.5062758922576906,"orthographic":false}