{"cameraMode":{"drawMode":0,"name":"Shaded","section":"Shading Mode"},"sceneLighting":false,"audioPlay":false,"sceneViewState":{"showFog":true,"showMaterialUpdate":false,"showSkybox":true,"showFlares":true,"showImageEffects":true,"showParticleSystems":true},"in2DMode":false,"pivot":{"x":-3.843454360961914,"y":-3.7064578533172609,"z":3.7319705486297609},"rotation":{"x":-0.34974098205566409,"y":0.007581223268061876,"z":-0.0028455958236008884,"w":-0.9368114471435547},"size":31.466773986816408,"orthographic":false}