{"cameraMode":{"drawMode":0,"name":"Shaded","section":"Shading Mode"},"sceneLighting":false,"audioPlay":false,"sceneViewState":{"showFog":true,"showMaterialUpdate":false,"showSkybox":true,"showFlares":true,"showImageEffects":true,"showParticleSystems":true},"in2DMode":false,"pivot":{"x":-0.04445981979370117,"y":1.7989445924758912,"z":-0.04405474662780762},"rotation":{"x":-0.22716273367404939,"y":-0.07238040864467621,"z":0.016921423375606538,"w":-0.9710158705711365},"size":20.55356788635254,"orthographic":false}