{"cameraMode":{"drawMode":0,"name":"Shaded","section":"Shading Mode"},"sceneLighting":false,"audioPlay":false,"sceneViewState":{"showFog":true,"showMaterialUpdate":false,"showSkybox":true,"showFlares":true,"showImageEffects":true,"showParticleSystems":true},"in2DMode":false,"pivot":{"x":-0.5674116015434265,"y":2.696798801422119,"z":1.3962974548339844},"rotation":{"x":-0.01035270281136036,"y":0.9848237633705139,"z":-0.1612647920846939,"w":-0.06331341713666916},"size":5.789862155914307,"orthographic":false}