{"cameraMode":{"drawMode":0,"name":"Shaded","section":"Shading Mode"},"sceneLighting":false,"audioPlay":false,"sceneViewState":{"showFog":true,"showMaterialUpdate":false,"showSkybox":true,"showFlares":true,"showImageEffects":true,"showParticleSystems":true},"in2DMode":false,"pivot":{"x":-6.00213623046875,"y":-21.34091567993164,"z":1.3724136352539063},"rotation":{"x":-0.22716273367404939,"y":-0.07238040864467621,"z":0.016921423375606538,"w":-0.9710158705711365},"size":186.8334503173828,"orthographic":false}