{"cameraMode":{"drawMode":0,"name":"Shaded","section":"Shading Mode"},"sceneLighting":false,"audioPlay":false,"sceneViewState":{"showFog":true,"showMaterialUpdate":false,"showSkybox":true,"showFlares":true,"showImageEffects":true,"showParticleSystems":true},"in2DMode":false,"pivot":{"x":0.020873308181762697,"y":3.9263834953308107,"z":0.044354915618896487},"rotation":{"x":-0.22716273367404939,"y":-0.07238040864467621,"z":0.016921423375606538,"w":-0.9710158705711365},"size":9.352771759033204,"orthographic":false}