{"cameraMode":{"drawMode":0,"name":"Shaded","section":"Shading Mode"},"sceneLighting":false,"audioPlay":false,"sceneViewState":{"showFog":true,"showMaterialUpdate":false,"showSkybox":true,"showFlares":true,"showImageEffects":true,"showParticleSystems":true},"in2DMode":false,"pivot":{"x":-0.17000001668930055,"y":4.400000095367432,"z":-7.869999408721924},"rotation":{"x":-0.0396452471613884,"y":0.9587548971176148,"z":-0.16883519291877747,"w":-0.22519348561763764},"size":4.045024871826172,"orthographic":false}