{"cameraMode":{"drawMode":0,"name":"Shaded","section":"Shading Mode"},"sceneLighting":false,"audioPlay":false,"sceneViewState":{"showFog":true,"showMaterialUpdate":false,"showSkybox":true,"showFlares":true,"showImageEffects":true,"showParticleSystems":true},"in2DMode":false,"pivot":{"x":-0.3111555278301239,"y":1.5164821147918702,"z":-6.739707946777344},"rotation":{"x":-0.07943431288003922,"y":0.9205304384231567,"z":-0.2670091390609741,"w":-0.2738978862762451},"size":7.080455303192139,"orthographic":false}