{"cameraMode":{"drawMode":0,"name":"Shaded","section":"Shading Mode"},"sceneLighting":false,"audioPlay":false,"sceneViewState":{"showFog":true,"showMaterialUpdate":false,"showSkybox":true,"showFlares":true,"showImageEffects":true,"showParticleSystems":true},"in2DMode":false,"pivot":{"x":-1.770917534828186,"y":-1.9653104543685914,"z":-8.569268226623536},"rotation":{"x":-0.2531442940235138,"y":0.238434836268425,"z":-0.06454151123762131,"w":-0.9353616237640381},"size":7.321603775024414,"orthographic":false}