{"cameraMode":{"drawMode":0,"name":"Shaded","section":"Shading Mode"},"sceneLighting":false,"audioPlay":false,"sceneViewState":{"showFog":true,"showMaterialUpdate":false,"showSkybox":true,"showFlares":true,"showImageEffects":true,"showParticleSystems":true},"in2DMode":false,"pivot":{"x":-1.6755716800689698,"y":2.9798758029937746,"z":-1.0564615726470948},"rotation":{"x":-0.011964920908212662,"y":0.9840260744094849,"z":-0.07276476919651032,"w":-0.16203372180461884},"size":12.283221244812012,"orthographic":false}