{"cameraMode":{"drawMode":0,"name":"Shaded","section":"Shading Mode"},"sceneLighting":false,"audioPlay":false,"sceneViewState":{"showFog":true,"showMaterialUpdate":false,"showSkybox":true,"showFlares":true,"showImageEffects":true,"showParticleSystems":true},"in2DMode":false,"pivot":{"x":1.5158121585845948,"y":-8.944592475891114,"z":0.46758660674095156},"rotation":{"x":-0.30837222933769228,"y":-0.10049781203269959,"z":0.032766394317150119,"w":-0.945374608039856},"size":54.799556732177737,"orthographic":false}