{"cameraMode":{"drawMode":0,"name":"Shaded","section":"Shading Mode"},"sceneLighting":false,"audioPlay":false,"sceneViewState":{"showFog":true,"showMaterialUpdate":false,"showSkybox":true,"showFlares":true,"showImageEffects":true,"showParticleSystems":true},"in2DMode":false,"pivot":{"x":-4.074538230895996,"y":0.7200000286102295,"z":-1.3794509172439576},"rotation":{"x":0.3692375421524048,"y":0.1155323013663292,"z":-0.04637599363923073,"w":0.9209588766098023},"size":5.175026893615723,"orthographic":false}