{"cameraMode":{"drawMode":0,"name":"Shaded","section":"Shading Mode"},"sceneLighting":false,"audioPlay":false,"sceneViewState":{"showFog":true,"showMaterialUpdate":false,"showSkybox":true,"showFlares":true,"showImageEffects":true,"showParticleSystems":true},"in2DMode":false,"pivot":{"x":0.25344914197921755,"y":0.7771304249763489,"z":-0.06938233971595764},"rotation":{"x":-0.019189735874533654,"y":0.9800593852996826,"z":-0.11847739666700363,"w":-0.15836201608181},"size":5.944759368896484,"orthographic":false}